{
  "shadow": {
    "raised": {
      "$type": "shadow",
      "$description": "Use for cards and other elements that needs to be slightly raised over content layer to draw user attention but should not go over other elements in the UI.",
      "$value": [
        {
          "offsetX": "0px",
          "offsetY": "1px",
          "blur": "2px",
          "spread": "0px",
          "color": "#0f1a2e26"
        }
      ]
    },
    "overflow": {
      "$type": "shadow",
      "$description": "Use to create a shadow when content scrolls under other content.",
      "$value": [
        {
          "offsetX": "0px",
          "offsetY": "4px",
          "blur": "4px",
          "spread": "0px",
          "color": "#00000040"
        }
      ]
    },
    "overlay": {
      "$type": "shadow",
      "$description": "Use for elements that sit on top of the UI such as dialog, modal, dropdown menu and whenever it requires full attention of the user on the element. User is not able to interact with what is behind.",
      "$value": [
        {
          "offsetX": "0px",
          "offsetY": "16px",
          "blur": "32px",
          "spread": "0px",
          "color": "#0f1a2e26"
        }
      ]
    },
    "sunken": {
      "$type": "shadow",
      "$description": "Use to create a shadow when an element is sunk below the current surface.",
      "$value": [
        {
          "offsetX": "0px",
          "offsetY": "1px",
          "blur": "2px",
          "spread": "0px",
          "color": "#0f1a2e26",
          "inset": true
        }
      ]
    }
  }
}