{
  "1920px": {
    "Default": {
      "$type": "grid",
      "$description": "Breakpoint lg > 1536px",
      "$value": [
        {
          "pattern": "columns",
          "visible": true,
          "alignment": "stretch",
          "color": "#ff00001a",
          "gutterSize": "24px",
          "count": 12,
          "offset": "32px"
        },
        {
          "pattern": "rows",
          "visible": true,
          "alignment": "min",
          "color": "#8a68d266",
          "gutterSize": "1px",
          "count": 1,
          "offset": "0px"
        }
      ]
    },
    "Sidebar left": {
      "$type": "grid",
      "$value": [
        {
          "pattern": "columns",
          "visible": true,
          "alignment": "min",
          "color": "#ff00001a",
          "gutterSize": "16px",
          "count": 1,
          "offset": "376px"
        },
        {
          "pattern": "columns",
          "visible": true,
          "alignment": "min",
          "color": "#0099161a",
          "gutterSize": "16px",
          "count": 1,
          "offset": "32px"
        },
        {
          "pattern": "rows",
          "visible": true,
          "alignment": "min",
          "color": "#8a68d266",
          "gutterSize": "1px",
          "count": 1,
          "offset": "0px"
        }
      ]
    }
  },
  "1536px": {
    "Default": {
      "$type": "grid",
      "$value": [
        {
          "pattern": "columns",
          "visible": true,
          "alignment": "stretch",
          "color": "#ff00001a",
          "gutterSize": "24px",
          "count": 12,
          "offset": "32px"
        },
        {
          "pattern": "rows",
          "visible": true,
          "alignment": "min",
          "color": "#8a68d266",
          "gutterSize": "1px",
          "count": 1,
          "offset": "0px"
        }
      ]
    },
    "Sidebar left": {
      "$type": "grid",
      "$value": [
        {
          "pattern": "columns",
          "visible": true,
          "alignment": "min",
          "color": "#ff00001a",
          "gutterSize": "16px",
          "count": 1,
          "offset": "336px"
        },
        {
          "pattern": "columns",
          "visible": true,
          "alignment": "min",
          "color": "#0099161a",
          "gutterSize": "16px",
          "count": 1,
          "offset": "32px"
        }
      ]
    }
  }
}