{
  "typography": {
    "heading": {
      "H1": {
        "$type": "typography",
        "$value": {
          "fontFamily": "Noto Sans Display",
          "fontSize": "32px",
          "fontWeight": 500,
          "letterSpacing": "0%",
          "lineHeight": "40px",
          "textTransform": "none",
          "textDecoration": "none"
        }
      },
      "H2": {
        "$type": "typography",
        "$value": {
          "fontFamily": "Noto Sans Display",
          "fontSize": "24px",
          "fontWeight": 500,
          "letterSpacing": "0%",
          "lineHeight": "32px",
          "textTransform": "none",
          "textDecoration": "none"
        }
      },
      "H3": {
        "$type": "typography",
        "$value": {
          "fontFamily": "Noto Sans Display",
          "fontSize": "18px",
          "fontWeight": 500,
          "letterSpacing": "0%",
          "lineHeight": "24px",
          "textTransform": "none",
          "textDecoration": "none"
        }
      },
      "H4": {
        "$type": "typography",
        "$value": {
          "fontFamily": "Noto Sans Display",
          "fontSize": "16px",
          "fontWeight": 600,
          "letterSpacing": "0%",
          "lineHeight": "24px",
          "textTransform": "none",
          "textDecoration": "none"
        }
      },
      "H5": {
        "$type": "typography",
        "$value": {
          "fontFamily": "Noto Sans Display",
          "fontSize": "14px",
          "fontWeight": 600,
          "letterSpacing": "0%",
          "lineHeight": "20px",
          "textTransform": "none",
          "textDecoration": "none"
        }
      },
      "H6": {
        "$type": "typography",
        "$value": {
          "fontFamily": "Noto Sans Display",
          "fontSize": "12px",
          "fontWeight": 600,
          "letterSpacing": "0%",
          "lineHeight": "16px",
          "textTransform": "none",
          "textDecoration": "none"
        }
      }
    },
    "body": {
      "medium": {
        "$type": "typography",
        "$value": {
          "fontFamily": "Noto Sans Display",
          "fontSize": "16px",
          "fontWeight": 400,
          "letterSpacing": "0%",
          "lineHeight": "24px",
          "textTransform": "none",
          "textDecoration": "none"
        }
      },
      "small": {
        "$type": "typography",
        "$value": {
          "fontFamily": "Noto Sans Display",
          "fontSize": "14px",
          "fontWeight": 400,
          "letterSpacing": "0%",
          "lineHeight": "20px",
          "textTransform": "none",
          "textDecoration": "none"
        }
      },
      "xs": {
        "$type": "typography",
        "$value": {
          "fontFamily": "Noto Sans Display",
          "fontSize": "12px",
          "fontWeight": 400,
          "letterSpacing": "0%",
          "lineHeight": "16px",
          "textTransform": "none",
          "textDecoration": "none"
        }
      }
    },
    "label": {
      "xl": {
        "$type": "typography",
        "$value": {
          "fontFamily": "Noto Sans Display",
          "fontSize": "18px",
          "fontWeight": 500,
          "letterSpacing": "0%",
          "lineHeight": "24px",
          "textTransform": "none",
          "textDecoration": "none"
        }
      },
      "large": {
        "$type": "typography",
        "$value": {
          "fontFamily": "Noto Sans Display",
          "fontSize": "16px",
          "fontWeight": 600,
          "letterSpacing": "0%",
          "lineHeight": "24px",
          "textTransform": "none",
          "textDecoration": "none"
        }
      },
      "medium": {
        "$type": "typography",
        "$value": {
          "fontFamily": "Noto Sans Display",
          "fontSize": "14px",
          "fontWeight": 500,
          "letterSpacing": "0%",
          "lineHeight": "20px",
          "textTransform": "none",
          "textDecoration": "none"
        }
      },
      "small": {
        "$type": "typography",
        "$value": {
          "fontFamily": "Noto Sans Display",
          "fontSize": "12px",
          "fontWeight": 500,
          "letterSpacing": "0%",
          "lineHeight": "16px",
          "textTransform": "uppercase",
          "textDecoration": "none"
        }
      }
    }
  }
}